{
    "materials":[{
        "shading":"phong",
        "DbgIndex":0,
        "colorSpecular":[0.5,0.5,0.5],
        "depthTest":true,
        "visible":true,
        "specularCoef":50,
        "transparent":false,
        "wireframe":false,
        "DbgColor":15658734,
        "colorEmissive":[0,0,0],
        "DbgName":"Material.001",
        "colorDiffuse":[0.64,0.64,0.64],
        "doubleSided":false,
        "opacity":1,
        "depthWrite":true,
        "blending":1
    }],
    "metadata":{
        "uvs":1,
        "generator":"io_three",
        "faces":47,
        "normals":36,
        "version":3,
        "type":"Geometry",
        "materials":1,
        "vertices":41
    },
    "normals":[-0.6657,0.735649,0.125004,-1,0,0,-0.678854,-0.17008,0.714255,-0.592364,0.422193,0.686148,1,0,0,0.678854,-0.17008,0.714255,0.678854,-0.349162,0.645894,-0.838618,-0.537828,0.0861843,-0.592364,-0.772057,0.230201,-0.678854,-0.349162,0.645894,0.693289,-0.638112,0.334819,-0.693289,-0.638112,0.334819,-0.678854,-0.703635,0.209815,0.678854,-0.703635,0.209815,-0.571642,-0.631367,-0.524003,0.877865,-0.472793,0.0757469,0.577502,0.561235,-0.592853,0.733726,-0.0178533,-0.679189,-0.577349,0.561602,-0.592669,-0.707053,-0.604419,0.367016,-0.692038,-0.589953,0.415937,0.6657,0.735649,0.125004,0.838618,-0.537828,0.0861843,0.692038,-0.589953,0.415937,0.707083,-0.604389,0.366985,0.592364,0.422193,0.686148,0.592364,-0.772057,0.230201,0.301492,-0.616657,0.727195,-0.301492,-0.616657,0.727195,-0.577349,-0.193823,0.793146,0.577349,-0.193823,0.793146,0.301492,-0.929624,0.211737,-0.301492,-0.929624,0.211737,-0.707083,-0.604389,0.366985,-0.577349,-0.793146,-0.193823,0.577349,-0.793146,-0.193823],
    "uvs":[[0.653162,0.619338,0.585932,0.628254,0.574056,0.599372,0.641286,0.590456,0.129878,0.751734,0.192527,0.777875,0.180651,0.806757,0.118002,0.780616,0.66711,0.587276,0.613313,0.62886,0.601437,0.599977,0.655234,0.558393,0.53884,0.0479421,0.53884,0.571279,0.510692,0.571278,0.510692,0.0479422,0.445192,0.571278,0.445192,0.0479421,0.537232,0.523359,0.286525,0.523339,0.286073,0,0.537232,2.17417e-05,0.710693,0.696046,0.710693,0.957714,0.450936,0.957714,0.459787,0.889989,0.472225,0.859739,0.488809,0.830407,0.505393,0.801075,0.527017,0.772686,0.580814,0.731102,0.643463,0.704962,0.255635,0.523336,0,0.523336,0.000869784,0,0.255635,0,0.000233433,0.523336,0.259757,0.524229,0.259757,0.786791,0.076081,0.71015,0.0544571,0.681762,0.0378732,0.652429,0.0212893,0.623097,0.008851,0.592847,0,0.525122,0.537232,0.523337,0.537232,3.11933e-08,0.602731,0,0.602731,0.523336,0.670541,0,0.670542,0.523336,0.736041,6.23866e-08,0.736041,0.523336,0.286073,0.523336,0.517324,0.580867,0.517324,0.0575306,0.5473,0.0575306,0.5473,0.580867,0.0642049,0.739032,0.729759,0.561135,0.717882,0.532253,0.247881,0.815673,0.627192,0.571279,0.627192,0.0479422,0.657954,0.0479421,0.657954,0.571279,1,0,1,0.499995,0.97878,0.499995,0.97878,3.11933e-08,0.565544,0.559608,0.583016,0.559608,0.592249,0.571279,0.565544,0.571278,0.583016,0.059613,0.592249,0.0479421,0.565544,0.059613,0.548073,0.059613,0.565544,0.0479421,0.548073,0.559608,0.900569,0,0.900569,0.499995,0.883098,0.499995,0.883098,0,0.914413,0.500006,0.914413,1,0.883098,0.999989,0.868652,0.708448,0.868652,0.730533,0.83625,0.730533,0.83625,0.708448,0.803848,0.708447,0.803848,0.686362,0.83625,0.686362,0.83625,0.708448,0.803848,0.730533,0.868652,0.686362,0.83625,0.686362,0.918041,0,0.918041,0.499995]],
    "vertices":[2.17633,0.549113,0.499438,-2.4251,0.549113,0.499438,2.17633,0.289441,0.472624,-2.4251,0.289442,0.472624,2.17633,0.0455583,0.379514,-2.4251,0.0455585,0.379514,2.17633,-0.165916,0.226456,-2.4251,-0.165916,0.226456,2.17633,-0.437184,-0.21441,-2.4251,-0.437184,-0.21441,2.17633,-0.478491,-0.472173,-2.4251,-0.478491,-0.472173,-2.4251,0.521117,-0.500169,2.17633,0.521021,-0.503582,2.17633,-0.477784,-0.479021,-2.4251,0.506501,0.611054,2.17633,0.506501,0.611054,2.17633,0.246829,0.584239,-2.4251,0.246829,0.584239,2.17633,0.00294602,0.49113,-2.4251,0.00294625,0.49113,2.17633,-0.208529,0.338072,-2.4251,-0.208528,0.338072,2.13173,-0.275318,0.0822163,-2.3805,-0.275318,0.0822163,2.13172,-0.362933,-0.062069,-2.3805,-0.362932,-0.062069,-2.4251,-0.386082,-0.100193,-2.4251,-0.252168,0.12034,2.17633,-0.252168,0.12034,2.17633,-0.386082,-0.100193,-2.3805,-0.256311,-0.126813,-2.3805,-0.168696,0.0174723,2.13173,-0.168696,0.0174723,2.13172,-0.256311,-0.126813,-2.4251,-0.319125,0.0100737,2.17633,-0.319125,0.0100737,-2.3805,-0.319125,0.0100737,2.13172,-0.319125,0.0100737,-2.3805,-0.212503,-0.0546704,2.13172,-0.212504,-0.0546704],
    "faces":[43,1,3,18,15,0,0,1,2,3,0,1,2,3,43,4,2,17,19,0,4,5,6,7,4,4,5,6,43,5,7,22,20,0,8,9,10,11,1,7,8,9,43,30,27,9,8,0,12,13,14,15,10,11,12,13,43,8,9,11,10,0,15,14,16,17,13,12,14,15,43,13,14,11,12,0,18,19,20,21,16,17,14,18,42,3,1,12,0,31,22,23,1,0,18,42,12,11,9,0,23,24,25,18,14,12,42,9,27,35,0,25,26,27,12,11,19,42,35,28,7,0,27,28,29,19,20,7,42,7,5,3,0,29,30,31,7,1,1,42,3,12,9,0,31,23,25,1,18,12,42,9,35,7,0,25,27,29,12,19,7,42,9,7,3,0,25,29,31,12,7,1,43,0,13,12,1,0,32,33,34,35,21,16,18,0,42,10,14,13,0,44,36,37,15,17,16,42,13,0,2,0,37,38,5,16,21,4,42,2,4,6,0,5,4,39,4,4,22,42,6,29,36,0,39,40,41,22,23,24,42,36,30,8,0,41,42,43,24,10,13,42,8,10,13,0,43,44,37,13,15,16,42,13,2,6,0,37,5,39,16,4,22,42,6,36,8,0,39,41,43,22,24,13,42,13,6,8,0,37,39,43,16,22,13,43,16,15,18,17,0,45,46,47,48,25,3,2,5,43,17,18,20,19,0,48,47,49,50,5,2,9,6,43,19,20,22,21,0,50,49,51,52,6,9,8,26,43,0,1,15,16,0,32,35,20,53,21,0,3,25,43,7,6,21,22,0,54,55,56,57,7,22,26,8,43,6,4,19,21,0,39,4,7,58,22,4,6,26,43,3,5,20,18,0,59,8,11,60,1,1,9,2,43,2,0,16,17,0,5,38,61,6,4,21,25,5,43,6,7,28,29,0,62,63,64,65,22,7,20,23,43,26,25,34,31,0,66,67,68,69,27,28,29,30,43,37,24,28,35,0,70,71,72,73,24,31,20,19,43,24,23,29,28,0,71,74,75,72,31,32,23,20,43,38,25,30,36,0,76,77,12,78,33,28,10,24,43,25,26,27,30,0,77,79,13,12,28,27,11,10,43,39,40,33,32,0,80,81,82,83,24,33,34,35,43,23,24,32,33,0,84,85,86,82,32,31,35,34,43,38,23,33,40,0,87,88,89,90,33,32,34,33,43,37,26,31,39,0,91,92,93,94,24,27,30,24,43,24,37,39,32,0,95,91,94,89,31,24,24,35,43,25,38,40,34,0,96,87,90,97,28,33,33,29,43,31,34,40,39,0,98,99,81,80,30,29,33,24,43,23,38,36,29,0,74,76,78,75,32,33,24,23,43,26,37,35,27,0,79,70,73,13,27,24,19,11]
}