{
    "materials":[{
        "depthTest":true,
        "colorDiffuse":[0.64,0.64,0.64],
        "opacity":1,
        "blending":1,
        "DbgColor":15658734,
        "transparent":false,
        "colorSpecular":[0.5,0.5,0.5],
        "visible":true,
        "depthWrite":true,
        "specularCoef":50,
        "colorEmissive":[0,0,0],
        "DbgName":"Material.001",
        "shading":"phong",
        "wireframe":false,
        "DbgIndex":0,
        "doubleSided":false
    }],
    "metadata":{
        "materials":1,
        "vertices":136,
        "generator":"io_three",
        "faces":159,
        "type":"Geometry",
        "normals":101,
        "uvs":1,
        "version":3
    },
    "vertices":[-0.578433,-0.0198746,0.00772346,-0.566166,0.104672,0.00772345,-0.529837,0.224432,0.00772345,-0.470842,0.334804,0.00772349,-0.391448,0.431546,0.00772348,-0.294707,0.51094,0.00772348,-0.184335,0.569935,0.00772345,-0.0645744,0.606264,0.00772347,0.0599723,0.618531,0.00772346,0.184519,0.606264,0.00772345,0.304279,0.569935,0.00772343,0.414651,0.51094,0.00772344,0.511393,0.431546,0.00772344,0.590787,0.334804,0.00772341,0.649782,0.224432,0.00772341,0.686111,0.104672,0.00772342,0.698377,-0.0198748,0.00772342,0.686111,-0.144422,0.00772339,0.649782,-0.264182,0.00772339,0.590787,-0.374554,0.0077234,0.511393,-0.471295,0.0077234,0.414651,-0.550689,0.00772341,0.304279,-0.609684,0.00772341,0.184518,-0.646013,0.00772341,0.0599717,-0.65828,0.00772341,-0.064575,-0.646013,0.00772342,-0.184335,-0.609684,0.00772343,-0.294707,-0.550689,0.00772345,-0.391449,-0.471295,0.00772344,-0.470843,-0.374553,0.00772344,-0.529837,-0.264181,0.00772348,-0.566166,-0.14442,0.00772342,-0.645735,0.120499,-0.0651951,-0.659561,-0.0198746,-0.0651951,-0.60479,0.255479,-0.0651951,-0.538298,0.379877,-0.0651951,-0.448814,0.488912,-0.0651951,-0.339779,0.578395,-0.0651951,-0.215381,0.644887,-0.0651951,-0.0804016,0.685833,-0.0651951,0.0599723,0.699658,-0.0651951,0.200346,0.685833,-0.0651951,0.335326,0.644887,-0.0651951,0.459723,0.578395,-0.0651952,0.568759,0.488912,-0.0651951,0.658242,0.379876,-0.0651951,0.724734,0.255479,-0.0651951,0.76568,0.120499,-0.0651951,0.779505,-0.0198748,-0.0651952,0.76568,-0.160249,-0.0651952,0.724734,-0.295228,-0.0651952,0.658242,-0.419626,-0.0651952,0.568759,-0.528662,-0.0651952,0.459723,-0.618145,-0.0651952,0.335325,-0.684637,-0.0651952,0.200346,-0.725582,-0.0651952,0.0599716,-0.739408,-0.0651952,-0.0804024,-0.725582,-0.0651952,-0.215382,-0.684636,-0.0651951,-0.33978,-0.618144,-0.0651951,-0.448815,-0.528661,-0.0651951,-0.538298,-0.419625,-0.0651951,-0.60479,-0.295227,-0.0651951,-0.645735,-0.160247,-0.0651951,-0.645735,0.120499,0.00772346,-0.659561,-0.0198746,0.00772347,-0.604789,0.255479,0.00772345,-0.538298,0.379877,0.00772349,-0.448814,0.488912,0.00772348,-0.339779,0.578395,0.00772348,-0.215381,0.644887,0.00772345,-0.0804016,0.685833,0.00772347,0.0599723,0.699658,0.00772346,0.200346,0.685833,0.00772345,0.335326,0.644887,0.00772344,0.459723,0.578395,0.00772344,0.568759,0.488912,0.00772344,0.658242,0.379876,0.0077234,0.724734,0.255479,0.00772341,0.76568,0.120499,0.00772341,0.779505,-0.0198748,0.00772342,0.76568,-0.160249,0.00772339,0.724734,-0.295228,0.00772339,0.658242,-0.419626,0.0077234,0.568759,-0.528662,0.0077234,0.459723,-0.618145,0.00772341,0.335325,-0.684637,0.00772341,0.200346,-0.725582,0.00772341,0.0599716,-0.739408,0.00772341,-0.0804024,-0.725582,0.00772342,-0.215382,-0.684636,0.00772343,-0.33978,-0.618144,0.00772345,-0.448815,-0.528661,0.00772344,-0.538298,-0.419625,0.00772344,-0.60479,-0.295227,0.00772348,-0.645735,-0.160247,0.00772343,-0.566166,0.104672,-0.0169195,-0.578433,-0.0198746,-0.0169195,-0.529837,0.224432,-0.0169195,-0.470842,0.334804,-0.0169195,-0.391448,0.431546,-0.0169195,-0.294707,0.51094,-0.0169195,-0.184335,0.569935,-0.0169195,-0.0645744,0.606264,-0.0169195,0.0599723,0.618531,-0.0169195,0.184519,0.606264,-0.0169195,0.304279,0.569935,-0.0169195,0.414651,0.51094,-0.0169195,0.511393,0.431546,-0.0169195,0.590787,0.334804,-0.0169196,0.649782,0.224432,-0.0169196,0.686111,0.104672,-0.0169196,0.698377,-0.0198748,-0.0169196,0.686111,-0.144422,-0.0169196,0.649782,-0.264182,-0.0169196,0.590787,-0.374554,-0.0169196,0.511393,-0.471295,-0.0169196,0.414651,-0.550689,-0.0169196,0.304279,-0.609684,-0.0169196,0.184518,-0.646013,-0.0169196,0.0599717,-0.65828,-0.0169196,-0.064575,-0.646013,-0.0169196,-0.184335,-0.609684,-0.0169195,-0.294707,-0.550689,-0.0169195,-0.391449,-0.471295,-0.0169195,-0.470843,-0.374553,-0.0169195,-0.529837,-0.264181,-0.0169195,-0.566166,-0.14442,-0.0169196,0.0420723,-0.0364262,-0.0107317,0.637121,-0.0364262,-0.0107318,0.072731,-0.0364262,-0.0107317,0.0420723,-0.00444245,-0.0107317,0.637121,-0.00444237,-0.0107318,0.072731,-0.00444242,-0.0107317,0.072731,0.387451,-0.0107317,0.0420723,0.387451,-0.0107317],