{
    "materials":[{
        "shading":"phong",
        "DbgIndex":0,
        "colorSpecular":[0.5,0.5,0.5],
        "depthTest":true,
        "visible":true,
        "specularCoef":50,
        "transparent":false,
        "wireframe":false,
        "DbgColor":15658734,
        "colorEmissive":[0,0,0],
        "DbgName":"Material",
        "colorDiffuse":[0.64,0.64,0.64],
        "doubleSided":false,
        "opacity":1,
        "depthWrite":true,
        "blending":1
    }],
    "metadata":{
        "uvs":1,
        "generator":"io_three",
        "faces":45,
        "normals":39,
        "version":3,
        "type":"Geometry",
        "materials":1,
        "vertices":44
    },
    "normals":[0,-1,0,0,1,0,1,5.18865e-08,5.0986e-06,-1,-1.03774e-07,-2.07224e-06,-1,-7.83162e-08,-2.21843e-06,3.21351e-07,7.58139e-08,-1,1,2.90487e-08,4.62262e-07,1,1.95787e-08,2.1171e-06,2.81183e-07,1.01085e-07,-1,-6.7198e-08,-1.94343e-07,1,-1.74292e-07,-1.74292e-07,1,-5.23668e-07,1.34982e-07,1,-3.86194e-07,1.45243e-07,1,-7.73666e-07,-2.15971e-07,1,-6.07616e-07,-1.27598e-05,1,-6.02534e-07,-1.019e-05,1,-1,-2.03677e-07,0,0,1,-0,-1,-2.0334e-07,-2.31131e-07,-5.40732e-08,0,1,1.9205e-13,-1.50742e-07,1,1.9205e-13,1.50742e-07,1,-5.94805e-07,0,1,1,3.13349e-08,0,0,-1,0,-6.1918e-08,0,1,-2.38706e-13,-1.622e-07,1,-2.38706e-13,1.622e-07,1,-6.81098e-07,0,1,-3.98322e-07,-5.35757e-14,1,-1,-2.10162e-07,0,1,3.36259e-08,0,-8.24939e-07,-1.86155e-13,1,-6.18704e-07,3.76097e-08,1,-6.0079e-07,-2.06235e-07,1,-5.78538e-07,0,1,-5.7368e-07,-4.59983e-08,1,-1,-2.29991e-07,-4.6341e-07,1,9.19965e-08,4.6341e-07],
    "uvs":[[0.307945,0.281968,0.271783,0.281968,0.271783,-0.00356981,0.307945,-0.00356972,0.307945,0.281968,0.307945,-0.00356977,0.344108,-0.00356981,0.344108,0.281968,0.449785,0.845142,0.449785,0.99643,0.413623,0.99643,0.413623,0.816139,0.122838,0.835076,0.122838,0.605153,0.147224,0.605153,0.147224,0.835076,0.485948,0.816139,0.485947,0.99643,0.449785,0.99643,0.449785,0.845142,0.485948,0.391277,0.449785,0.391277,0.562656,0,0.562656,0.151288,0.281328,0.151288,0.281328,2.29395e-08,0.275197,0.164211,0.275197,0.559058,0.25075,0.559058,0.25075,0.164211,0.413623,0.391277,0.281328,0.605153,0.562656,0.605153,0.252254,0.029509,0.029074,0.0295091,0,9.1758e-08,0.281328,0,0.029074,0.424356,0.252254,0.424356,0.281328,0.424862,6.78038e-08,0.424862,0.911173,0,0.911173,0.366038,0.907053,0.366038,0.907053,0,0.171609,0.831673,0.171609,0.605153,0.196056,0.605153,0.196056,0.831673,0.220502,0.605153,0.220502,0.831673,0.196056,0.831673,0.196056,0.605153,0.25075,0.164211,0.25075,0.559058,0.226304,0.559058,0.226304,0.164211,0.239742,0.0286836,0.044946,0.0286836,0.030754,0.0142793,0.253934,0.0142792,0.239742,0.394722,0.253934,0.409126,0.0449461,0.394722,0.0307541,0.409126,0.284776,0.605153,0.284776,0.777924,0.281328,0.777924,0.281328,0.605153,0.911173,0.366038,0.911173,2.29395e-08,0.915293,0,0.915293,0.366038,0.273394,0.802864,0.273394,0.605153,0.277514,0.605153,0.277514,0.802864,0.273394,0.605153,0.273394,0.802864,0.269274,0.802864,0.269274,0.605153,0.360753,0.951894,0.530977,0.951894,0.543263,0.964364,0.348467,0.964364,0.574942,0.407317,0.574942,0.748415,0.562656,0.760885,0.562656,0.394847,0.530977,0.610796,0.543263,0.598326,0.360753,0.610796,0.348467,0.598326,0.927675,0.394847,0.927675,0.735945,0.757452,0.735945,0.757451,0.394847,0.92219,0,0.92219,0.341098,0.918742,0.341098,0.918742,0,0.915293,0.341098,0.918741,1.14698e-08,0.284776,0.777925,0.284776,0.605153,0.288224,0.605153,0.288224,0.777925,0.25393,0.577346,0.25393,0.45267,0.281328,0.605153,0.0273976,0.45267,0.0273976,0.577346,1.13006e-07,0.605153,0.776113,0.94931,0.653275,0.94931,0.653275,0.719387,0.776113,0.719387,0.269274,0.605153,0.269274,0.729829,0.244888,0.729829,0.244888,0.605153,0.147224,0.835076,0.171609,0.835076,0.220502,0.729829,0.244888,0.605153,0.244888,0.729829]],
    "vertices":[0.483849,-1.26389,0.809264,0.3305,-1.11054,1,-0.846651,-1.11054,1,-1,-1.26389,0.809264,0.483849,1.8809,0.809265,0.339341,1.73639,1,-0.855493,1.73639,1,-1,1.8809,0.809264,0.483849,1.0947,0.809264,0.330499,0.941351,1,-0.846651,0.941351,1,-1,1.0947,0.809264,0.483849,-1.26389,1,-1,-1.26389,1,0.339342,1.08849,1,-0.855493,1.08849,1,0.255645,-1.03569,0.871059,-0.771796,-1.03569,0.871059,0.255645,0.866496,0.871059,-0.771796,0.866496,0.871059,0.3305,-1.11054,0.871059,-0.846651,-1.11054,0.871059,0.330499,0.941351,0.871059,-0.846651,0.941351,0.871059,0.190843,-0.970885,0.849328,-0.706994,-0.970885,0.849328,0.190843,0.801695,0.849328,-0.706994,0.801695,0.849327,0.255645,-1.03569,0.849328,-0.771796,-1.03569,0.849328,0.255645,0.866496,0.849328,-0.771796,0.866496,0.849327,0.190843,-0.970885,0.83114,-0.706994,-0.970885,0.83114,0.190843,0.801695,0.831141,-0.706994,0.801695,0.83114,0.483848,0.943982,1,0.483848,1.8809,1,-1,0.943982,1,-1,1.8809,1,0.339342,1.08849,0.871379,0.339342,1.73639,0.871379,-0.855493,1.08849,0.871378,-0.855493,1.73639,0.871378],
    "faces":[43,0,12,13,3,0,0,1,2,3,0,0,0,0,43,4,7,39,37,0,4,5,6,7,1,1,1,1,43,8,4,37,36,0,8,9,10,11,2,2,2,2,43,5,6,43,41,0,12,13,14,15,0,0,0,0,43,38,39,7,11,0,16,17,18,19,3,3,3,3,43,13,38,11,3,0,20,16,19,21,4,4,4,4,43,4,8,11,7,0,22,23,24,25,5,5,5,5,43,10,2,21,23,0,26,27,28,29,6,6,6,6,43,0,8,36,12,0,21,8,11,30,7,7,7,7,43,8,0,3,11,0,23,32,31,24,8,8,8,8,43,1,2,13,12,0,33,34,35,36,9,9,9,9,42,9,1,12,0,38,33,36,10,10,10,42,38,13,2,0,40,35,34,11,11,11,42,38,2,10,0,40,34,37,12,12,12,42,9,12,36,0,38,36,39,13,13,13,42,38,10,9,0,40,37,38,14,14,14,42,9,36,38,0,38,39,40,15,15,15,43,16,18,30,28,0,41,42,43,44,16,16,16,16,43,2,1,20,21,0,45,46,47,48,17,17,17,17,43,9,10,23,22,0,49,50,51,52,0,0,0,0,43,1,9,22,20,0,53,54,55,56,18,18,18,18,43,16,17,21,20,0,57,58,59,60,19,19,19,19,43,18,16,20,22,0,61,57,60,62,20,20,20,20,43,17,19,23,21,0,58,63,64,59,21,21,21,21,43,19,18,22,23,0,63,61,62,64,22,22,22,22,43,26,27,35,34,0,65,66,67,68,0,0,0,0,43,19,17,29,31,0,69,70,71,72,23,23,23,23,43,17,16,28,29,0,73,74,75,76,17,17,17,17,43,18,19,31,30,0,77,78,79,80,24,24,24,24,43,24,25,29,28,0,81,82,83,84,25,25,25,25,43,26,24,28,30,0,85,86,87,88,26,26,26,26,43,25,27,31,29,0,82,89,90,83,27,27,27,27,43,27,26,30,31,0,89,91,92,90,28,28,28,28,43,32,34,35,33,0,93,94,95,96,29,29,29,29,43,24,26,34,32,0,97,98,99,100,30,30,30,30,43,27,25,33,35,0,101,71,102,99,31,31,31,31,43,25,24,32,33,0,103,104,105,106,17,17,17,17,43,5,14,36,37,0,107,108,39,109,32,32,32,32,43,15,6,39,38,0,110,111,112,40,33,33,33,33,43,6,5,37,39,0,111,107,109,112,34,34,34,34,43,14,15,38,36,0,108,110,40,39,35,35,35,35,43,40,41,43,42,0,113,114,115,116,36,36,36,36,43,14,5,41,40,0,117,118,119,120,37,37,37,37,43,15,14,40,42,0,121,14,46,122,17,17,17,17,43,6,15,42,43,0,123,49,124,125,38,38,38,38]
}