{
    "materials":[{
        "shading":"phong",
        "DbgIndex":0,
        "colorSpecular":[0.5,0.5,0.5],
        "depthTest":true,
        "visible":true,
        "specularCoef":50,
        "transparent":false,
        "wireframe":false,
        "DbgColor":15658734,
        "colorEmissive":[0,0,0],
        "DbgName":"Material",
        "colorDiffuse":[0.64,0.64,0.64],
        "doubleSided":false,
        "opacity":1,
        "depthWrite":true,
        "blending":1
    }],
    "metadata":{
        "uvs":1,
        "generator":"io_three",
        "faces":164,
        "normals":114,
        "version":3,
        "type":"Geometry",
        "materials":1,
        "vertices":140
    },
    "normals":[-1.44501e-14,-1,4.53408e-08,5.78006e-14,1,-4.53408e-08,8.96346e-07,2.90335e-07,-1,1,-8.71009e-07,6.04544e-08,-7.17077e-07,-5.80672e-07,1,-1,1.30651e-06,-5.03787e-08,-0.778443,0.627715,-7.67178e-08,0.648503,0.761212,-3.2359e-08,0.0980214,0.995184,-5.97957e-08,0.290286,0.95694,-5.76933e-08,0.471392,0.881924,-5.28848e-08,0.634392,0.773011,-4.5673e-08,0.773013,0.63439,-3.60583e-08,0.881925,0.471391,-1.44232e-08,0.95694,0.290285,0,0.995184,0.0980248,0,0.995184,-0.0980243,0,0.956945,-0.290268,0,0.881916,-0.471407,0,0.773017,-0.634386,0,0.63439,-0.773013,0,0.471392,-0.881924,0,0.290283,-0.956941,0,0.0980175,-0.995185,0,-0.098017,-0.995185,0,-0.290286,-0.95694,0,-0.471396,-0.881922,0,-0.634392,-0.773012,0,-0.773012,-0.634392,0,-0.88192,-0.4714,0,-0.95694,-0.290284,0,-0.995185,-0.0980152,0,-0.995185,0.0980146,0,-0.956937,0.290295,0,-0.881922,0.471396,-1.44231e-08,-0.773011,0.634393,-3.60581e-08,-0.634391,0.773013,-4.56733e-08,-0.4714,0.88192,-5.28851e-08,0.95694,0.290285,-1.3286e-08,-0.290284,0.956941,-5.76927e-08,-0.0980168,0.995185,-5.94961e-08,0.471391,0.881924,-3.77835e-08,-0,0,-1,0,0,-1,0,0,-1,0,-0,-1,0,-0,-1,0.773017,-0.634386,2.74791e-08,-0.773012,-0.634392,2.66202e-08,-0.4714,0.88192,-3.77837e-08,0.995184,0.0980248,-4.18627e-09,-0.098017,-0.995185,4.27212e-08,-0.956937,0.290295,-1.24514e-08,0.634392,0.773011,-3.34897e-08,0.63439,-0.773013,3.26311e-08,-0.88192,-0.4714,1.97506e-08,-0.290284,0.956941,-4.12185e-08,0.995184,-0.0980243,4.18625e-09,-0.290286,-0.95694,4.12189e-08,-0.881922,0.471396,-1.97504e-08,0.773013,0.63439,-2.66205e-08,0.471392,-0.881924,3.77835e-08,-0.956941,-0.290284,1.24514e-08,0.0980214,0.995184,-4.26136e-08,-0.0980168,0.995185,-4.27216e-08,0.956945,-0.290268,1.24515e-08,-0.471396,-0.881922,3.77834e-08,-0.773011,0.634393,-2.66204e-08,0.881925,0.471391,-2.06093e-08,0.290283,-0.956941,4.12185e-08,-0.995185,-0.0980152,4.18628e-09,0.290286,0.95694,-4.12189e-08,0.881915,-0.471407,1.97505e-08,-0.634392,-0.773012,3.26314e-08,-0.634391,0.773013,-3.349e-08,0.95694,0.290285,-1.24514e-08,0.0980175,-0.995185,4.26141e-08,-0.995185,0.0980146,-4.18625e-09,0,0,1,0,0,1,-0,0,1,0,-0,1,0,-0,1,0.0980175,-0.995185,4.54867e-08,-0.995185,0.0980146,-4.48321e-09,0.471392,0.881924,-3.74363e-08,0.773017,-0.634386,2.90591e-08,-0.773012,-0.634392,2.8928e-08,-0.4714,0.88192,-3.74365e-08,0.995184,0.0980248,-4.48322e-09,-0.098017,-0.995185,4.54865e-08,-0.956937,0.290295,-1.3286e-08,0.634392,0.773011,-3.28548e-08,0.63439,-0.773013,3.53419e-08,-0.88192,-0.4714,2.1598e-08,-0.290284,0.956941,-4.0578e-08,0.995184,-0.0980243,4.46684e-09,-0.290286,-0.95694,4.37199e-08,-0.881922,0.471396,-2.08125e-08,0.773013,0.63439,-2.68341e-08,0.471392,-0.881924,4.0316e-08,-0.95694,-0.290284,1.32859e-08,0.0980214,0.995184,-4.22303e-08,-0.0980168,0.995185,-4.22473e-08,0.956945,-0.290268,1.32206e-08,-0.471396,-0.881922,4.03159e-08,-0.773011,0.634393,-2.6834e-08,0.881925,0.471391,-2.08127e-08,0.290283,-0.956941,4.37195e-08,-0.995185,-0.0980152,4.48323e-09,0.290286,0.95694,-4.05784e-08,0.881916,-0.471407,2.15979e-08,-0.634392,-0.773012,3.53422e-08,-0.634391,0.773013,-3.2855e-08],
    "uvs":[[0.533397,0.999422,0.357952,0.999422,0.357952,0,0.533397,8.05593e-08,0.182507,0.999422,0.182508,8.05593e-08,0.357952,0,0.357952,0.999422,1,0.112344,0.891671,0.112344,0.891671,0,1,1.20839e-07,0.641726,0.999422,0.533397,0.999422,0.533397,0,0.641726,8.05593e-08,1,0.224688,0.891671,0.224688,0.891671,0.112344,1,0.112344,0.182507,0.999958,0.0741782,0.999958,0.0741782,0.000536243,0.182507,0.000536202,0,0.999422,0,0,0.706216,0.000578134,0.706216,1,0.641727,0.999422,0.641726,0,0.775762,0.117533,0.775762,0.159518,0.769366,0.159518,0.769366,0.117533,0.763216,0.159518,0.763216,0.117533,0.757548,0.159518,0.757548,0.117533,0.75258,0.159518,0.75258,0.117533,0.891671,0.117533,0.891671,0.159518,0.886703,0.159518,0.886703,0.117533,0.881035,0.159518,0.881035,0.117533,0.874885,0.159518,0.874885,0.117533,0.868489,0.159518,0.868489,0.117533,0.862094,0.159518,0.862094,0.117533,0.855943,0.159518,0.855944,0.117533,0.850276,0.159518,0.850276,0.117533,0.845308,0.159518,0.845308,0.117533,0.845307,0.117533,0.845308,0.159518,0.84034,0.159518,0.840339,0.117533,0.834672,0.159518,0.834672,0.117533,0.828521,0.159518,0.828521,0.117533,0.822126,0.159518,0.822126,0.117533,0.81573,0.159518,0.81573,0.117533,0.80958,0.159518,0.80958,0.117533,0.803912,0.159518,0.803912,0.117533,0.798944,0.159518,0.798944,0.117533,0.75258,0.117533,0.75258,0.159518,0.747612,0.159518,0.747612,0.117533,0.741944,0.159518,0.741944,0.117533,0.735794,0.159518,0.735794,0.117533,0.729398,0.159518,0.729398,0.117533,0.723002,0.159518,0.723002,0.117533,0.716852,0.159518,0.716852,0.117533,0.711184,0.159518,0.711184,0.117533,0.706216,0.159518,0.706216,0.117533,0.798944,0.117533,0.798944,0.159518,0.793976,0.159518,0.793976,0.117533,0.788308,0.159518,0.788308,0.117533,0.881035,0.930565,0.874885,0.930565,0.782158,0.159518,0.782158,0.117533,0.757548,0,0.763216,0,0.891671,0.289421,0.891671,0.285305,0.892925,0.281269,0.895384,0.277467,0.898955,0.274045,0.903499,0.271135,0.908843,0.268849,0.91478,0.267274,0.921084,0.266471,0.92751,0.266471,0.933814,0.267274,0.939751,0.268849,0.945095,0.271135,0.949639,0.274045,0.95321,0.277467,0.955669,0.281269,0.956923,0.285305,0.956923,0.289421,0.955669,0.293457,0.95321,0.297259,0.949639,0.300681,0.945095,0.303591,0.939751,0.305877,0.933814,0.307452,0.92751,0.308255,0.921084,0.308255,0.91478,0.307452,0.908843,0.305877,0.903499,0.303591,0.898955,0.300681,0.895384,0.297259,0.892925,0.293457,0.845308,0,0.850276,0,0.747612,0,0.75258,0,0.788308,0,0.793976,0,0.868489,0,0.874885,0,0.81573,0,0.822126,0,0.716852,4.02796e-08,0.723002,4.02796e-08,0.75258,0,0.84034,0,0.741944,0,0.782158,0,0.862093,0,0.80958,0,0.711184,4.02796e-08,0.886703,0,0.891671,0,0.834672,0,0.735794,0,0.769366,0,0.775762,0,0.855943,0,0.803912,0,0.706216,4.02796e-08,0.881035,0,0.828522,0,0.729398,0,0.798944,0,0.798943,0,0.895384,0.255476,0.892925,0.251674,0.891671,0.247637,0.891671,0.243522,0.892925,0.239486,0.895384,0.235684,0.898955,0.232262,0.903499,0.229352,0.908843,0.227066,0.914781,0.225491,0.921084,0.224688,0.927511,0.224688,0.933814,0.225491,0.939751,0.227066,0.945095,0.229352,0.949639,0.232262,0.95321,0.235684,0.955669,0.239486,0.956923,0.243522,0.956923,0.247637,0.955669,0.251674,0.95321,0.255476,0.949639,0.258898,0.945095,0.261808,0.939751,0.264094,0.933814,0.265669,0.92751,0.266471,0.921084,0.266471,0.91478,0.265669,0.908843,0.264094,0.903499,0.261807,0.898955,0.258897,0.828522,0.930565,0.822126,0.930565,0.729398,0.930565,0.723003,0.930565,0.763217,0.930565,0.757549,0.930565,0.850276,0.930565,0.845308,0.930565,0.75258,0.930565,0.747612,0.930565,0.793976,0.930565,0.788308,0.930565,0.868489,0.930565,0.81573,0.930565,0.716853,0.930565,0.752581,0.930565,0.845308,0.930565,0.84034,0.930565,0.741944,0.930565,0.782158,0.930565,0.862094,0.930565,0.80958,0.930565,0.711185,0.930565,0.891671,0.930565,0.886703,0.930565,0.834672,0.930565,0.735794,0.930565,0.775762,0.930565,0.769367,0.930565,0.855944,0.930565,0.803912,0.930565,0.706217,0.930565,0.798944,0.930565,0.798944,0.930565]],