{
    "materials":[{
        "depthTest":true,
        "colorDiffuse":[0.8,0.8,0.8],
        "opacity":1,
        "blending":1,
        "DbgColor":15658734,
        "transparent":false,
        "colorSpecular":[0.84188,0.84188,0.84188],
        "visible":true,
        "depthWrite":true,
        "specularCoef":50,
        "colorEmissive":[0,0,0],
        "DbgName":"Material",
        "shading":"phong",
        "wireframe":false,
        "DbgIndex":0,
        "doubleSided":false
    }],
    "metadata":{
        "materials":1,
        "vertices":84,
        "generator":"io_three",
        "faces":89,
        "type":"Geometry",
        "normals":79,
        "uvs":1,
        "version":3
    },
    "vertices":[1,-0.805504,-2.57401,1,-0.805504,1,-1,-0.805504,1,-1,-0.805504,-2.57401,1,1,-2.57401,0.999999,1,1,-1,1,1,-1,1,-2.57401,1,0.603932,-0.31949,-1,-0.805504,0.723287,0.999999,1,0.723287,-1,1,0.723286,-1,-0.805504,-2.32199,-1,1,-2.32199,-1,0.603932,-0.31949,1,1,-2.32199,1,0.603932,-2.57401,0.999999,0.603932,1,-1,0.603932,1,-1,0.603932,-2.57401,-1,0.603932,0.723287,1,0.603932,0.723287,1,0.603932,-2.32199,-1,0.603932,-2.32199,1,0.878979,-2.57401,0.999999,0.878979,1,-1,0.878979,1,-1,0.878979,-2.57401,-1,0.878979,0.723286,0.999999,0.878979,0.723287,1,0.878979,-2.32199,-1,0.878979,-2.32199,1,-0.805504,-2.32199,1,-0.805504,0.723287,1,0.603932,0.723287,1,0.603932,-2.32199,0.515309,-0.631145,-2.14763,0.515309,-0.638926,0.556709,0.515309,0.437354,0.556709,0.515309,0.429572,-2.14763,0.136154,0.603932,0.723287,0.136154,-0.805504,0.723287,0.136155,-0.805504,-2.32199,0.136155,0.603932,-2.32199,-1,0.878979,-0.319491,1,0.878979,-0.31949,1,0.603932,-0.31949,0.515309,-0.638926,-0.152912,0.515309,0.437354,-0.152912,0.136154,-0.805504,-0.31949,0.136154,0.603932,-0.31949,1,0.603932,-1.4126,-1,0.603932,-1.4126,-1,0.878979,-1.4126,0.136155,-0.805504,-1.4126,0.136154,0.603932,-1.4126,1,0.878979,-1.4126,1,0.603932,-1.4126,0.515309,-0.63185,-1.23894,0.515309,0.430277,-1.23894,0.515309,-0.63185,-0.493145,0.515308,0.603932,0.723287,0.515309,-0.805504,0.723287,0.515309,0.430277,-0.493144,0.515309,-0.631145,-1.58696,0.515309,-0.805504,-0.31949,0.515309,0.429573,-1.58696,0.515309,0.603932,-0.31949,0.515309,0.603932,-2.32199,0.515309,-0.805504,-1.4126,0.515309,-0.805504,-2.32199,0.515309,0.603932,-1.4126,0.476822,-0.638926,-0.152912,0.476822,-0.638926,0.556709,0.476822,0.437354,0.556709,0.476822,0.437354,-0.152912,0.473029,-0.63185,-1.23894,0.473029,-0.63185,-0.493145,0.473029,0.430277,-1.23894,0.473029,0.430277,-0.493144,0.464762,0.429572,-2.14763,0.464762,-0.631145,-2.14763,0.464762,-0.631145,-1.58696,0.464762,0.429573,-1.58696],
    "uvs":[[0.931648,0.567756,0.894944,0.567756,0.894945,0.567756,0.894945,0.283878,0.931648,0.283878,0.931648,0.567756,0.967896,8.46023e-09,0.967896,0.283878,0.931192,0.283878,0.931192,0,0.858462,0.323154,0.84241,0.323154,0.84241,0.283878,0.858462,0.283878,0.707762,0.283878,0.69171,0.283878,0.69171,2.53807e-08,0.707762,2.53807e-08,0.0160522,0.0357721,0,0.0357721,0,2.03045e-07,0.0160522,1.69205e-07,0.186948,0.79117,1.02777e-07,0.79117,0,0.507293,0.186948,0.507292,0.0160524,0.507292,1.66025e-07,0.507292,1.50213e-07,0.468016,0.0160524,0.468016,0.967896,8.46023e-09,0.983948,0,0.983948,0.283878,0.967896,0.283878,1,0.283878,1,0,0.965076,0.283878,0.965076,0.283878,0.998505,0.283878,0.998504,0.283878,0.998505,0.567756,0.965076,0.567756,0.965076,0.283878,0.965076,0.567756,0.931648,0.567756,0.931648,0.283878,0.858462,0.79117,0.84241,0.79117,0.84241,0.755398,0.858462,0.755398,0.239482,0.284233,0.504762,0.284233,0.504762,0.432244,0.239482,0.432244,0.49072,0.716477,0.541011,0.716477,0.541011,0.864488,0.49072,0.864488,0.916778,0.991224,0.916778,0.79117,0.950206,0.79117,0.950206,0.991224,0.894944,0.567756,0.931648,0.567756,0.931648,0.76781,0.894944,0.76781,0.239482,0.507292,0.0525346,0.507292,0.0525346,0.468016,0.239482,0.468016,0.22343,0.79117,0.22343,0.507292,0.239482,0.0357719,0.0525345,0.0357721,0.0525345,1.69205e-07,0.239482,0,0.931192,0.283878,0.744245,0.283878,0.744245,0,0.931192,3.38409e-08,0.69171,0.716122,0.69171,0.568111,0.84241,0.568111,0.84241,0.716122,0.239482,0.79117,0.239482,0.507292,0.0525345,0.16485,0.0160522,0.16485,0.894944,0.79117,0.894944,0.755398,0.894944,0.471165,0.858462,0.471165,0.894944,0.323154,0.894944,0.283878,0.158414,0.991224,0.158414,0.79117,0.222703,0.791171,0.222703,0.991225,0,0,0.790633,0.716122,0.827336,0.716122,0.827336,1,0.790633,1,0.580951,0.832352,0.580951,0.933075,0.575846,0.933075,0.575846,0.832352,0.490719,0.716477,0.490719,0.864488,0.42643,0.864488,0.42643,0.716477,0.158414,0.791171,0.158414,0.991225,0.0941241,0.991225,0.0941241,0.79117,0.69171,0.129078,0.504762,0.129078,0.504762,1.35364e-07,0.69171,0,0.541011,0.632298,0.541011,0.432244,0.69171,0.432244,0.69171,0.632298,0.69171,0.632298,0.69171,0.832352,0.541011,0.832352,0.541011,0.632298,0.69171,0.412956,0.69171,0.283878,0.84241,0.283878,0.84241,0.412956,0.965076,0.567756,0.998505,0.567756,0.998504,0.851634,0.965076,0.851634,0.69171,0.432244,0.504763,0.432244,0.504763,0.284233,0.69171,0.284233,0.490719,0.561322,0.42643,0.561322,0.551724,0.832352,0.551724,0.93821,0.546116,0.93821,0.546116,0.832352,0.894944,0.62632,0.858462,0.62632,0.0160523,0.320005,0.0525346,0.320005,0.49072,0.561322,0.541011,0.561322,0.239482,0.129078,0.504762,0.129078,0.239482,0,0.504762,0,0.490719,0.432244,0.541011,0.432244,0.827336,0.866679,0.827336,0.716122,0.834041,0.716122,0.834041,0.866679,0.490719,0.432244,0.42643,0.432244,0.404335,0.556611,0.404335,0.455888,0.42643,0.432244,0.42643,0.580255,0.261577,0.455888,0.239482,0.432244,0.261577,0.556611,0.239482,0.580255,0.403396,0.710761,0.403396,0.604903,0.42643,0.735409,0.262516,0.604903,0.262516,0.710761,0.239482,0.735409,0.262609,0.839739,0.403303,0.839739,0.42643,0.864488,0.239482,0.864488,0.403303,0.760158,0.262609,0.760158,0,0.943937,3.95298e-09,0.791171,0.0941241,0.79117,0.0941241,0.943937,0.570741,0.933075,0.570741,0.832352,0.575846,0.933075,0.233919,0.943937,0.233919,0.79117,0.239024,0.79117,0.239024,0.943937,0.546116,0.985118,0.541011,0.985118,0.69171,0.866879,0.69171,0.716122,0.790633,0.866879,0.222703,0.941928,0.222703,0.79117,0.228311,0.79117,0.228311,0.941928,0.557332,0.832352,0.557332,0.93821,0.233919,0.941928,0.916778,0.79117,0.916778,0.941727,0.84241,0.941727,0.84241,0.79117,0.564036,0.832352,0.564036,0.911934,0.557332,0.911934,0.570741,0.911934,0.834041,0.866679,0.834041,0.716122,0.840746,0.716122,0.840746,0.866679]],