{
    "materials":[{
        "depthTest":true,
        "colorDiffuse":[0.64,0.64,0.64],
        "opacity":1,
        "blending":1,
        "DbgColor":15658734,
        "transparent":false,
        "colorSpecular":[0.5,0.5,0.5],
        "visible":true,
        "depthWrite":true,
        "specularCoef":50,
        "colorEmissive":[0,0,0],
        "DbgName":"Material",
        "shading":"phong",
        "wireframe":false,
        "DbgIndex":0,
        "doubleSided":false
    }],
    "metadata":{
        "materials":1,
        "vertices":20,
        "generator":"io_three",
        "faces":16,
        "type":"Geometry",
        "normals":14,
        "uvs":1,
        "version":3
    },
    "vertices":[2.4985,-1,-1,2.46246,-0.963961,-0.917833,-0.963961,-0.963961,-0.917834,-1,-1,-1,2.4985,0.851784,-1,2.46246,0.815745,-0.917833,-0.963962,0.815745,-0.917834,-1,0.851784,-1,2.4985,-1,-0.917833,-1,-1,-0.917834,2.4985,0.851784,-0.917833,-1,0.851784,-0.917834,2.46246,-0.963961,-0.942493,-0.963961,-0.963961,-0.942493,2.46246,0.815745,-0.942492,-0.963962,0.815745,-0.942493,2.4985,-1,-0.819685,-1,-1,-0.819685,2.4985,-0.940004,-0.819685,-1,-0.940004,-0.819685],
    "uvs":[[0.980417,0.619678,0.96821,0.619678,0.96821,0.0431413,0.980417,0.0431414,0.954109,0.622873,0.954109,0.0399471,0.966451,0.039947,0.966451,0.622873,0.641427,0.593386,0.641427,0.242551,0.65546,0.242551,0.65546,0.593386,0.995452,0.051824,0.995452,0.59734,0.991913,0.59734,0.991913,0.051824,0.611952,0.59596,0.611952,0.245124,0.625985,0.245124,0.625986,0.59596,0.00574721,0.56694,0.00508318,0.0972718,0.989386,0.0958798,0.99005,0.565548,0.291347,0.615911,0.291347,0.0469094,0.296742,0.0409247,0.296742,0.621895,0.0249226,0.61591,0.0195276,0.621895,0.0249226,0.0469094,0.0195275,0.0409247,0.0472778,0.965773,0.0471948,0.728411,0.554125,0.728234,0.554208,0.965595,0.679324,0.237404,0.679324,0.574584,0.675113,0.574584,0.675113,0.237404,0.704357,0.566863,0.704357,0.229683,0.708568,0.229683,0.708568,0.566863,0.996047,0.609292,0.996047,0.0398719,0.999741,0.0398719,0.999741,0.609292,0.952107,0.0457117,0.952107,0.617108,0.937656,0.617108,0.937656,0.0457117,0.990809,0.0496355,0.990809,0.613184,0.982097,0.613184,0.982097,0.0496355]],
    "faces":[43,0,8,9,3,0,0,1,2,3,0,0,0,0,43,4,7,11,10,0,4,5,6,7,1,1,1,1,43,0,4,10,8,0,8,9,10,11,2,2,2,2,43,5,6,15,14,0,12,13,14,15,0,0,0,0,43,9,11,7,3,0,16,17,18,19,3,3,3,3,43,4,0,3,7,0,20,21,22,23,4,4,4,4,43,1,2,9,8,0,24,25,26,27,5,5,5,5,43,5,1,8,10,0,28,24,27,29,6,6,6,6,43,2,6,11,9,0,25,30,31,26,7,7,7,7,43,6,5,10,11,0,30,28,29,31,8,8,8,8,43,12,14,15,13,0,32,33,34,35,9,9,9,9,43,1,5,14,12,0,36,37,38,39,10,10,10,10,43,6,2,13,15,0,40,41,42,43,11,11,11,11,43,2,1,12,13,0,44,45,46,47,12,12,12,12,43,8,9,17,16,0,48,49,50,51,1,1,1,1,43,16,17,19,18,0,52,53,54,55,13,13,13,13],
    "normals":[0,-1,0,0,1,0,1,6.43737e-08,7.25413e-06,-1,-1.44845e-07,-5.4406e-06,1.36298e-07,1.93126e-07,-1,-5.16436e-08,2.2777e-13,1,0,-2.62612e-07,1,0,1.64133e-07,1,-2.75432e-07,-9.11078e-13,1,-1.65258e-07,-5.02369e-08,1,-1,-4.01895e-07,0,1,1.33965e-07,0,0,1,-0,5.11116e-08,0,-1]
}