{
    "materials":[{
        "shading":"phong",
        "DbgIndex":0,
        "colorSpecular":[0.5,0.5,0.5],
        "depthTest":true,
        "visible":true,
        "specularCoef":50,
        "transparent":false,
        "wireframe":false,
        "DbgColor":15658734,
        "colorEmissive":[0,0,0],
        "DbgName":"Material",
        "colorDiffuse":[0.64,0.64,0.64],
        "doubleSided":false,
        "opacity":1,
        "depthWrite":true,
        "blending":1
    }],
    "metadata":{
        "uvs":1,
        "generator":"io_three",
        "faces":126,
        "normals":85,
        "version":3,
        "type":"Geometry",
        "materials":1,
        "vertices":100
    },
    "normals":[0,-0.707083,-0.707083,0,-0.707083,0.707083,-0.577349,-0.577349,0.577349,-0.577349,-0.577349,-0.577349,0,0.707083,-0.707083,-0.577349,0.577349,-0.577349,-0.577349,0.577349,0.577349,0,0.707083,0.707083,0.707083,0,-0.707083,0.577349,0.577349,-0.577349,0.577349,0.577349,0.577349,0.707083,0,0.707083,0.301492,-0.301492,0.904508,-0.707083,0,0.707083,-0.707083,0,-0.707083,0,0,-1,-0.301492,-0.301492,0.904508,0.577349,-0.577349,-0.577349,0.577349,-0.577349,0.577349,-0.301492,0.301492,0.904508,0.301492,0.301492,0.904508,0,-0.68569,-0.727866,0,0.68569,-0.727866,0.142003,0.68569,-0.713889,0.142003,-0.68569,-0.713889,0.278542,0.68569,-0.672475,0.278542,-0.68569,-0.672475,0.40437,0.68569,-0.605213,0.40437,-0.68569,-0.605213,0.514664,0.68569,-0.514664,0.514664,-0.68569,-0.514664,0.605213,0.68569,-0.40437,0.605213,-0.68569,-0.40437,0.672475,0.68569,-0.278542,0.672475,-0.68569,-0.278542,0.713889,0.68569,-0.142003,0.713889,-0.68569,-0.142003,0.727866,0.68569,0,0.727866,-0.68569,0,0.713889,0.68569,0.142003,0.713889,-0.68569,0.142003,0.672475,0.68569,0.278542,0.672475,-0.68569,0.278542,0.605213,0.68569,0.40437,0.605213,-0.68569,0.40437,0.514695,0.68569,0.514664,0.514695,-0.68569,0.514664,0.40437,0.68569,0.605213,0.40437,-0.68569,0.605213,0.278542,0.68569,0.672475,0.278542,-0.68569,0.672475,0.142003,0.68569,0.713889,0.142003,-0.68569,0.713889,0,0.68569,0.727866,0,-0.68569,0.727866,-0.142003,0.68569,0.713889,-0.142003,-0.68569,0.713889,-0.278542,0.68569,0.672475,-0.278542,-0.68569,0.672475,-0.40437,0.68569,0.605213,-0.40437,-0.68569,0.605213,-0.514695,0.68569,0.514664,-0.514695,-0.68569,0.514664,-0.605213,0.68569,0.40437,-0.605213,-0.68569,0.40437,-0.672475,0.68569,0.278542,-0.672475,-0.68569,0.278542,-0.713889,0.68569,0.142003,-0.713889,-0.68569,0.142003,-0.727866,0.68569,0,-0.727866,-0.68569,0,-0.713889,0.68569,-0.142003,-0.713889,-0.68569,-0.142003,-0.672475,0.68569,-0.278542,-0.672475,-0.68569,-0.278542,-0.605213,0.68569,-0.40437,-0.605213,-0.68569,-0.40437,-0.514664,0.68569,-0.514695,-0.514664,-0.68569,-0.514695,-0.40437,0.68569,-0.605213,-0.40437,-0.68569,-0.605213,-0.278542,0.68569,-0.672475,-0.278542,-0.68569,-0.672475,-0.142003,0.68569,-0.713889,-0.142003,-0.68569,-0.713889],
    "uvs":[[0.691503,0.0974413,0.192788,0.0974413,0.192788,0.0254939,0.691503,0.025494,0.498715,0.428412,0.498715,0.500359,1.33766e-07,0.500359,1.18903e-07,0.428412,0.0393736,1,1.85786e-07,1,0,0.500359,0.0393734,0.500359,0.511855,0.571931,0.472481,0.571931,0.472481,0.500359,0.511855,0.500359,0.275614,0.500359,0.314987,0.500359,0.314987,1,0.275614,1,0.433787,0.926533,0.472481,0.926533,0.472481,0.998104,0.433787,0.998104,0.433787,0.813096,0.472481,0.813096,0.511855,0.685367,0.472481,0.685367,0.498715,0.31438,8.91772e-08,0.31438,0.691503,0.211474,0.192788,0.211474,0.691503,0.525853,0.192788,0.525853,0.498715,0,0,1.78942e-07,0.511855,0.998104,0.472481,0.998104,0.433787,0.500359,0.472481,0.500359,0.314987,0.500359,0.354361,0.500359,0.354361,0.813096,0.314987,0.813096,0.59128,0.998104,0.59128,0.685367,0.806917,0.81541,0.886342,0.81541,0.886342,0.972709,0.806917,0.972709,0.354361,0.926533,0.314988,0.926533,0.354361,0.998104,0.314988,0.998104,0.196188,0.500359,0.196188,1,0.59128,0.571931,0.59128,0.500359,0.118799,1,0.118799,0.500359,0.157494,1,0.157494,0.500359,0.629975,0.571931,0.629975,0.500359,0.157494,0.500359,0.157494,1,0.629975,0.685367,0.629975,0.998104,1,0.613796,0.920574,0.613796,0.920574,0.500359,1,0.500359,0.920574,0.81541,0.806917,0.81541,0.806917,0.657885,0.920574,0.657885,0.806917,0.500359,0.920574,0.500359,0.886342,0.81541,0.965768,0.81541,0.965768,0.972709,0.94324,0.430251,0.94324,0.837395,0.93721,0.837395,0.93721,0.430251,0.931536,0.837395,0.931536,0.430251,0.926435,0.837395,0.926435,0.430251,0.922102,0.837395,0.922102,0.430251,0.833632,0.837395,0.833632,0.430251,0.83859,0.430251,0.83859,0.837395,0.844163,0.430251,0.844163,0.837395,0.850138,0.430251,0.850138,0.837395,0.856284,0.430251,0.856284,0.837395,0.862365,0.430251,0.862365,0.837395,0.868148,0.430251,0.868149,0.837395,0.873411,0.430251,0.873411,0.837395,0.877951,0.430251,0.877951,0.837395,0.922102,0.430251,0.922102,0.837395,0.916973,0.837395,0.916973,0.430251,0.911279,0.837395,0.911279,0.430251,0.90524,0.837395,0.90524,0.430251,0.899088,0.837395,0.899088,0.430251,0.893059,0.837395,0.893059,0.430251,0.887385,0.837395,0.887385,0.430251,0.882283,0.837395,0.882283,0.430251,0.877951,0.837395,0.877951,0.430251,0.789312,0.837395,0.789312,0.430251,0.79427,0.430251,0.79427,0.837395,0.799843,0.430251,0.799844,0.837395,0.805818,0.430251,0.805818,0.837395,0.811964,0.430251,0.811964,0.837395,0.818046,0.430251,0.818046,0.837395,0.823829,0.430251,0.823829,0.837395,0.829092,0.430251,0.829092,0.837395,0.833632,0.837395,0.966254,0.430251,0.966254,0.837395,0.961124,0.837395,0.961124,0.430251,0.955431,0.837395,0.955431,0.430251,0.664284,0.907503,0.670318,0.908708,0.676002,0.91107,0.681117,0.914499,0.685467,0.918864,0.688885,0.923996,0.69124,0.929699,0.69244,0.935753,0.69244,0.941925,0.69124,0.947979,0.688885,0.953682,0.685467,0.958814,0.681117,0.963179,0.676002,0.966608,0.670318,0.96897,0.664284,0.970174,0.658131,0.970174,0.652097,0.96897,0.646413,0.966608,0.641298,0.963179,0.636948,0.958814,0.63353,0.953682,0.631175,0.947979,0.629975,0.941925,0.629975,0.935753,0.631175,0.929699,0.63353,0.923996,0.636948,0.918864,0.641298,0.914499,0.646413,0.91107,0.652097,0.908708,0.658131,0.907503,0.949392,0.837395,0.949392,0.430251,0.873899,0.838599,0.879934,0.837395,0.886086,0.837395,0.89212,0.838599,0.897804,0.840961,0.902919,0.844391,0.90727,0.848755,0.910688,0.853888,0.913042,0.85959,0.914242,0.865644,0.914242,0.871817,0.913042,0.877871,0.910688,0.883573,0.90727,0.888706,0.902919,0.89307,0.897804,0.8965,0.89212,0.898862,0.886086,0.900066,0.879934,0.900066,0.873899,0.898862,0.868216,0.8965,0.8631,0.89307,0.85875,0.888706,0.855332,0.883573,0.852977,0.877871,0.851777,0.871817,0.851777,0.865644,0.852977,0.85959,0.855332,0.853888,0.85875,0.848755,0.8631,0.844391,0.868216,0.840961]],